Run,Assay Type,AvgSpotLen,Bases,BioProject,BioSample,Bytes,Center Name,Collection_Date,Consent,DATASTORE filetype,DATASTORE provider,DATASTORE region,Experiment,Instrument,Library Name,LibraryLayout,LibrarySelection,LibrarySource,Organism,Platform,ReleaseDate,create_date,version,Sample Name,SRA Study,BioSampleModel,geo_loc_name_country,geo_loc_name_country_continent,geo_loc_name,sample_type,Host,isolation_source,Mating_type,isolate,lat_lon,strain,BIOMATERIAL_PROVIDER,host_tissue_sampled,analysis_type (exp),analysis_type (run),geographic_location_(country_and/or_sea,region),gssr_id (exp),gssr_id (run),instrument_name (run),lsid (exp),lsid (run),material_type (exp),molecular_indexing_scheme (run),project (exp),project (run),region (run),run_barcode (run),run_name (run),Sample_name,specific_host,work_request (exp),work_request (run),type-material,collected_by,Citation
SRR037895,WGS,236,141330413,PRJNA39257,SAMN00103348,435320633,BI,2010-01-14,public,"run.zq,sra","gs,ncbi,s3","gs.us-east1,ncbi.public,s3.us-east-1",SRX017744,454 GS FLX Titanium,454-4119,PAIRED,RANDOM,GENOMIC,Pseudogymnoascus destructans,LS454,2010-03-26T00:00:00Z,2012-01-19T16:50:00Z,3,BROAD:SEQUENCING_SAMPLE:43393.0,SRP001346,,,,,,,missing,,,,missing,,,Standard 454 Base Calling and Alignment,Standard 454 Base Calling and Alignment,missing,43393.1,43393.1,crinkle,BROAD:SEQUENCING_SAMPLE:43393.1,BROAD:SEQUENCING_SAMPLE:43393.1,Genomic DNA,Accra [AGTCGAC],G2257,G2257,1,720984100312,2regbad4batsrun720984,BROAD:SEQUENCING_SAMPLE:43393.0,Little Brown Bat (Myotis lucifugus),21045,21045,,,
SRR029259,WGS,497,314655912,PRJNA39257,SAMN00103308,709406885,BI,2009-09-17,public,"run.zq,sff,sra","gs,ncbi,s3","gs.us-east1,ncbi.public,s3.us-east-1",SRX012323,454 GS FLX Titanium,454-3441,SINGLE,RANDOM,GENOMIC,Pseudogymnoascus destructans 20631-21,LS454,2009-10-29T00:00:00Z,2012-01-19T16:29:00Z,3,BROAD:SEQUENCING_SAMPLE:37145.0,SRP001346,,,,,,,Whole organism (hyphae & spores),,,,20631-21,,,Standard 454 Base Calling and Alignment,Standard 454 Base Calling and Alignment,missing,37145.2,37145.2,pop,BROAD:SEQUENCING_SAMPLE:37145.2,BROAD:SEQUENCING_SAMPLE:37145.2,Genomic DNA,Rio [AGCTTC],G2257,G2257,2,713449091026,26Oct2RegRUN713449,BROAD:SEQUENCING_SAMPLE:37145.0,Little Brown Bat (Myotis lucifugus),20260,20260,culture from type material of Geomyces destructans,,
SRR029260,WGS,486,292602097,PRJNA39257,SAMN00103308,671721763,BI,2009-09-17,public,"run.zq,sff,sra","gs,ncbi,s3","gs.us-east1,ncbi.public,s3.us-east-1",SRX012324,454 GS FLX Titanium,454-3441,SINGLE,RANDOM,GENOMIC,Pseudogymnoascus destructans 20631-21,LS454,2009-10-29T00:00:00Z,2012-01-19T16:29:00Z,3,BROAD:SEQUENCING_SAMPLE:37145.0,SRP001346,,,,,,,Whole organism (hyphae & spores),,,,20631-21,,,Standard 454 Base Calling and Alignment,Standard 454 Base Calling and Alignment,missing,37145.2,37145.2,crinkle,BROAD:SEQUENCING_SAMPLE:37145.2,BROAD:SEQUENCING_SAMPLE:37145.2,Genomic DNA,Rio [AGCTTC],G2257,G2257,1,715243091026,FullOutDestructansRUN715243,BROAD:SEQUENCING_SAMPLE:37145.0,Little Brown Bat (Myotis lucifugus),20260,20260,culture from type material of Geomyces destructans,,
SRR029261,WGS,485,276652549,PRJNA39257,SAMN00103308,639238048,BI,2009-09-17,public,"run.zq,sff,sra","gs,ncbi,s3","gs.us-east1,ncbi.public,s3.us-east-1",SRX012324,454 GS FLX Titanium,454-3441,SINGLE,RANDOM,GENOMIC,Pseudogymnoascus destructans 20631-21,LS454,2011-09-09T00:00:00Z,2012-01-19T16:29:00Z,3,BROAD:SEQUENCING_SAMPLE:37145.0,SRP001346,,,,,,,Whole organism (hyphae & spores),,,,20631-21,,,Standard 454 Base Calling and Alignment,Standard 454 Base Calling and Alignment,missing,37145.2,37145.2,crinkle,BROAD:SEQUENCING_SAMPLE:37145.2,BROAD:SEQUENCING_SAMPLE:37145.2,Genomic DNA,Rio [AGCTTC],G2257,G2257,2,715243091026,FullOutDestructansRUN715243,BROAD:SEQUENCING_SAMPLE:37145.0,Little Brown Bat (Myotis lucifugus),20260,20260,culture from type material of Geomyces destructans,,
SRR031784,WGS,444,291985191,PRJNA39257,SAMN00103308,717799813,BI,2009-09-17,public,"run.zq,sra","gs,ncbi,s3","gs.us-east1,ncbi.public,s3.us-east-1",SRX014493,454 GS FLX Titanium,454-3515,PAIRED,RANDOM,GENOMIC,Pseudogymnoascus destructans 20631-21,LS454,2009-12-17T00:00:00Z,2012-01-19T16:31:00Z,3,BROAD:SEQUENCING_SAMPLE:37145.0,SRP001346,,,,,,,Whole organism (hyphae & spores),,,,20631-21,,,Standard 454 Base Calling and Alignment,Standard 454 Base Calling and Alignment,missing,37145.1,37145.1,crinkle,BROAD:SEQUENCING_SAMPLE:37145.1,BROAD:SEQUENCING_SAMPLE:37145.1,Genomic DNA,Athens [ACGGCTC],G2257,G2257,1,722286091214,2regionKRRun722286,BROAD:SEQUENCING_SAMPLE:37145.0,Little Brown Bat (Myotis lucifugus),20261,20261,culture from type material of Geomyces destructans,,
SRR3411506,WGS,264,254878694,PRJNA276926,SAMN04883151,199650745,US FOREST SERVICE,2010,public,"fastq,run.zq,sra","gs,ncbi,s3","gs.us-east1,ncbi.public,s3.us-east-1",SRX1718074,Ion Torrent PGM,CCF3941,SINGLE,RANDOM,GENOMIC,Pseudogymnoascus destructans,ION_TORRENT,2016-04-26T00:00:00Z,2016-04-21T15:42:00Z,1,Pseudogymnoascus destructans CCF3941,SRP055906,"Microbe\, viral or environmental",Czech Republic,Europe,"Czech Republic: Bohemian Karst\, Mala Amerika",fungal culture,Myotis myotis,,MAT1-1,CCF3941,,,,,,,,,,,,,,,,,,,,,,,,,,"Kubatova A., Koukol O., Novakova A. (2011): Geomyces destructans, phenotypic features of some Czech isolates. Czech Mycol. 63(1): 6575."
SRR3411507,WGS,266,2402952249,PRJNA276926,SAMN04883152,1943158950,US FOREST SERVICE,2010,public,"fastq,run.zq,sra","gs,ncbi,s3","gs.us-east1,ncbi.public,s3.us-east-1",SRX1718075,Ion Torrent PGM,CCF3942,SINGLE,RANDOM,GENOMIC,Pseudogymnoascus destructans,ION_TORRENT,2016-04-26T00:00:00Z,2016-04-21T15:45:00Z,1,Pseudogymnoascus destructans CCF3942,SRP055906,"Microbe\, viral or environmental",Czech Republic,Europe,"Czech Republic: Bohemian Karst\, Mala Amerika",fungal culture,Myotis myotis,,MAT1-2,CCF3942,,,,,,,,,,,,,,,,,,,,,,,,,,"Kubatova A., Koukol O., Novakova A. (2011): Geomyces destructans, phenotypic features of some Czech isolates. Czech Mycol. 63(1): 6575."
SRR7191696,WGS,602,2129910314,PRJNA472378,SAMN09233324,1416681885,MCMASTER UNIVERSITY,2008-03-28,public,"fastq,run.zq,sra","gs,ncbi,s3","gs.us-east1,ncbi.public,s3.us-east-1",SRX4108406,Illumina MiSeq,S4_L001,PAIRED,RANDOM,GENOMIC,Pseudogymnoascus destructans,ILLUMINA,2018-06-30T00:00:00Z,2018-05-21T16:08:00Z,1,US15,SRP148592,"Microbe\, viral or environmental",USA,North America,"USA: New York\, Williams Hotel Mine",single cell,Myotis lucifugus,,,,41.86408 N 74.081798 W,20631-21,,,,,,,,,,,,,,,,,,,,,,culture from type material of Geomyces destructans,,
SRR7191697,WGS,602,1902994240,PRJNA472378,SAMN09233325,1272746457,MCMASTER UNIVERSITY,2012-04-12,public,"fastq,run.zq,sra","gs,ncbi,s3","gs.us-east1,ncbi.public,s3.us-east-1",SRX4108405,Illumina MiSeq,S1_L001,PAIRED,RANDOM,GENOMIC,Pseudogymnoascus destructans,ILLUMINA,2018-06-30T00:00:00Z,2018-05-21T16:07:00Z,1,NB26,SRP148592,"Microbe\, viral or environmental",Canada,North America,"Canada: New Brunswick\, Dorchester Mine",single cell,Myotis lucifugus,,,,,NB26,,,,,,,,,,,,,,,,,,,,,,,,
SRR7191698,WGS,602,2043562444,PRJNA472378,SAMN09233326,1391800573,MCMASTER UNIVERSITY,2012-04-14,public,"fastq,run.zq,sra","gs,ncbi,s3","gs.us-east1,ncbi.public,s3.us-east-1",SRX4108404,Illumina MiSeq,S7_L001,PAIRED,RANDOM,GENOMIC,Pseudogymnoascus destructans,ILLUMINA,2018-06-30T00:00:00Z,2018-05-21T16:08:00Z,1,PE8,SRP148592,"Microbe\, viral or environmental",Canada,North America,"Canada: Prince Edward Island\, Murray River",single cell,Myotis lucifugus,,,,46.014727 N 62.610955 W,PE8,,,,,,,,,,,,,,,,,,,,,,,,
SRR3545530,WGS,255,702032438,PRJNA322173,SAMN05034627,522665114,US FOREST SERVICE,2008,public,"fastq,run.zq,sra","gs,ncbi,s3","gs.us-east1,ncbi.public,s3.us-east-1",SRX1775223,Ion Torrent PGM,20631-008,SINGLE,RANDOM,GENOMIC,Pseudogymnoascus destructans,ION_TORRENT,2016-07-18T00:00:00Z,2016-05-19T13:33:00Z,1,20631-008,SRP075419,"Microbe\, viral or environmental",USA,North America,"USA: Albany County\, New York",culture,Myotis lucifugus,,MAT1-1,,,20631-008,,,,,,,,,,,,,,,,,,,,,,,,
SRR3545531,WGS,234,444082154,PRJNA322173,SAMN05036260,336774316,US FOREST SERVICE,2016,public,"fastq,run.zq,sra","gs,ncbi,s3","gs.us-east1,ncbi.public,s3.us-east-1",SRX1775224,Ion Torrent PGM,26994-002,SINGLE,RANDOM,GENOMIC,Pseudogymnoascus destructans,ION_TORRENT,2016-07-18T00:00:00Z,2016-05-19T13:33:00Z,1,26994-002,SRP075419,"Microbe\, viral or environmental",USA,North America,"USA: Iowa County\, Wisconsin",culture,Myotis lucifugus,,MAT1-1,,,26994-002,,,,,,,,,,,,,,,,,,,,,,,,
SRR3545532,WGS,264,485994006,PRJNA322173,SAMN05036261,361052773,US FOREST SERVICE,2015,public,"fastq,run.zq,sra","gs,ncbi,s3","gs.us-east1,ncbi.public,s3.us-east-1",SRX1775225,Ion Torrent PGM,44797-145,SINGLE,RANDOM,GENOMIC,Pseudogymnoascus destructans,ION_TORRENT,2016-07-18T00:00:00Z,2016-05-19T13:33:00Z,1,44797-145,SRP075419,"Microbe\, viral or environmental",USA,North America,"USA: Jackson County\, Alabama",culture,Perimyotis subflavus,,MAT1-1,,,44797-145,,,,,,,,,,,,,,,,,,,,,,,,
SRR3545533,WGS,246,539419424,PRJNA322173,SAMN05036262,410007940,US FOREST SERVICE,2016,public,"fastq,run.zq,sra","gs,ncbi,s3","gs.us-east1,ncbi.public,s3.us-east-1",SRX1775226,Ion Torrent PGM,27099-001,SINGLE,RANDOM,GENOMIC,Pseudogymnoascus destructans,ION_TORRENT,2016-07-18T00:00:00Z,2016-05-19T13:33:00Z,1,27099-001,SRP075419,"Microbe\, viral or environmental",USA,North America,"USA: King County\, Washington",culture,Myotis lucifugus alascensis,,MAT1-1,,,27099-001,,,,,,,,,,,,,,,,,,,,,,,,
SRR3411508,WGS,249,503891143,PRJNA276926,SAMN04883153,403800182,US FOREST SERVICE,2011,public,"fastq,run.zq,sra","gs,ncbi,s3","gs.us-east1,ncbi.public,s3.us-east-1",SRX1718076,Ion Torrent PGM,CCF4124,SINGLE,RANDOM,GENOMIC,Pseudogymnoascus destructans,ION_TORRENT,2016-04-26T00:00:00Z,2016-04-21T15:45:00Z,1,Pseudogymnoascus destructans CCF4124,SRP055906,"Microbe\, viral or environmental",Czech Republic,Europe,Czech Republic: Horni Alberice,fungal culture,Myotis myotis,,MAT1-2,CCF4124,,,,,,,,,,,,,,,,,,,,,,,,,,PMCID: PMC4169168
SRR3411509,WGS,278,1143616365,PRJNA276926,SAMN04883154,875871947,US FOREST SERVICE,2011,public,"fastq,run.zq,sra","gs,ncbi,s3","gs.us-east1,ncbi.public,s3.us-east-1",SRX1718077,Ion Torrent PGM,CCF4125,SINGLE,RANDOM,GENOMIC,Pseudogymnoascus destructans,ION_TORRENT,2016-04-26T00:00:00Z,2016-04-21T15:43:00Z,1,Pseudogymnoascus destructans CCF4125,SRP055906,"Microbe\, viral or environmental",Czech Republic,Europe,Czech Republic: Horni Alberice,fungal culture,Myotis myotis,,MAT1-1,CCF4125,,,,,,,,,,,,,,,,,,,,,,,,,,PMCID: PMC4169168
SRR048938,WGS,236,52067441,PRJNA39257,SAMN00103348,168185033,BI,2010-01-14,public,"run.zq,sra","gs,ncbi,s3","gs.us-east1,ncbi.public,s3.us-east-1",SRX020911,454 GS FLX Titanium,454-4591,PAIRED,RANDOM,GENOMIC,Pseudogymnoascus destructans,LS454,2010-06-04T00:00:00Z,2012-01-19T16:52:00Z,3,BROAD:SEQUENCING_SAMPLE:43393.0,SRP001346,,,,,,,missing,,,,missing,,,Standard 454 Base Calling and Alignment,Standard 454 Base Calling and Alignment,missing,43393.1,43393.1,pop,BROAD:SEQUENCING_SAMPLE:43393.1,BROAD:SEQUENCING_SAMPLE:43393.1,Genomic DNA,Accra [AGTCGAC],G2257,G2257,1,734776100518,DMprimeraRun734776,BROAD:SEQUENCING_SAMPLE:43393.0,Little Brown Bat (Myotis lucifugus),21045,21045,,,
SRR048939,WGS,261,67455253,PRJNA39257,SAMN00103348,206586239,BI,2010-01-14,public,"run.zq,sra","gs,ncbi,s3","gs.us-east1,ncbi.public,s3.us-east-1",SRX020911,454 GS FLX Titanium,454-4591,PAIRED,RANDOM,GENOMIC,Pseudogymnoascus destructans,LS454,2010-06-04T00:00:00Z,2012-01-19T16:52:00Z,3,BROAD:SEQUENCING_SAMPLE:43393.0,SRP001346,,,,,,,missing,,,,missing,,,Standard 454 Base Calling and Alignment,Standard 454 Base Calling and Alignment,missing,43393.1,43393.1,pop,BROAD:SEQUENCING_SAMPLE:43393.1,BROAD:SEQUENCING_SAMPLE:43393.1,Genomic DNA,Bissau [CCAGGAC],G2257,G2257,1,734776100518,DMprimeraRun734776,BROAD:SEQUENCING_SAMPLE:43393.0,Little Brown Bat (Myotis lucifugus),21045,21045,,,
SRR107672,WGS,235,4602456,PRJNA39257,SAMN00103348,14537006,BI,2010-01-14,public,"run.zq,sff,sra","gs,ncbi,s3","gs.us-east1,ncbi.public,s3.us-east-1",SRX017744,454 GS FLX Titanium,454-4119,PAIRED,RANDOM,GENOMIC,Pseudogymnoascus destructans,LS454,2011-02-20T00:00:00Z,2014-05-30T06:21:00Z,3,BROAD:SEQUENCING_SAMPLE:43393.0,SRP001346,,,,,,,missing,,,,missing,,,Standard 454 Base Calling and Alignment,Standard 454 Base Calling and Alignment,missing,43393.1,43393.1,crinkle,BROAD:SEQUENCING_SAMPLE:43393.1,BROAD:SEQUENCING_SAMPLE:43393.1,Genomic DNA,Accra [AGTCGAC],G2257,G2257,1,720984100312,2regbad4batsrun720984,BROAD:SEQUENCING_SAMPLE:43393.0,Little Brown Bat (Myotis lucifugus),21045,21045,,,
SRR107673,WGS,516,4720925,PRJNA39257,SAMN00103308,11990739,BI,2009-09-17,public,"run.zq,sff,sra","gs,ncbi,s3","gs.us-east1,ncbi.public,s3.us-east-1",SRX012323,454 GS FLX Titanium,454-3441,SINGLE,RANDOM,GENOMIC,Pseudogymnoascus destructans 20631-21,LS454,2011-02-20T00:00:00Z,2014-05-30T06:22:00Z,3,BROAD:SEQUENCING_SAMPLE:37145.0,SRP001346,,,,,,,Whole organism (hyphae & spores),,,,20631-21,,,Standard 454 Base Calling and Alignment,Standard 454 Base Calling and Alignment,missing,37145.2,37145.2,pop,BROAD:SEQUENCING_SAMPLE:37145.2,BROAD:SEQUENCING_SAMPLE:37145.2,Genomic DNA,Rio [AGCTTC],G2257,G2257,2,713449091026,26Oct2RegRUN713449,BROAD:SEQUENCING_SAMPLE:37145.0,Little Brown Bat (Myotis lucifugus),20260,20260,culture from type material of Geomyces destructans,,
SRR107674,WGS,497,5280187,PRJNA39257,SAMN00103308,13540002,BI,2009-09-17,public,"run.zq,sff,sra","gs,ncbi,s3","gs.us-east1,ncbi.public,s3.us-east-1",SRX012324,454 GS FLX Titanium,454-3441,SINGLE,RANDOM,GENOMIC,Pseudogymnoascus destructans 20631-21,LS454,2011-02-20T00:00:00Z,2014-05-30T06:22:00Z,3,BROAD:SEQUENCING_SAMPLE:37145.0,SRP001346,,,,,,,Whole organism (hyphae & spores),,,,20631-21,,,Standard 454 Base Calling and Alignment,Standard 454 Base Calling and Alignment,missing,37145.2,37145.2,crinkle,BROAD:SEQUENCING_SAMPLE:37145.2,BROAD:SEQUENCING_SAMPLE:37145.2,Genomic DNA,Rio [AGCTTC],G2257,G2257,1,715243091026,FullOutDestructansRUN715243,BROAD:SEQUENCING_SAMPLE:37145.0,Little Brown Bat (Myotis lucifugus),20260,20260,culture from type material of Geomyces destructans,,
SRR107675,WGS,454,11503345,PRJNA39257,SAMN00103308,28816404,BI,2009-09-17,public,"run.zq,sff,sra","gs,ncbi,s3","gs.us-east1,ncbi.public,s3.us-east-1",SRX014493,454 GS FLX Titanium,454-3515,PAIRED,RANDOM,GENOMIC,Pseudogymnoascus destructans 20631-21,LS454,2011-02-20T00:00:00Z,2014-05-30T06:22:00Z,3,BROAD:SEQUENCING_SAMPLE:37145.0,SRP001346,,,,,,,Whole organism (hyphae & spores),,,,20631-21,,,Standard 454 Base Calling and Alignment,Standard 454 Base Calling and Alignment,missing,37145.1,37145.1,crinkle,BROAD:SEQUENCING_SAMPLE:37145.1,BROAD:SEQUENCING_SAMPLE:37145.1,Genomic DNA,Athens [ACGGCTC],G2257,G2257,1,722286091214,2regionKRRun722286,BROAD:SEQUENCING_SAMPLE:37145.0,Little Brown Bat (Myotis lucifugus),20261,20261,culture from type material of Geomyces destructans,,
SRR5755618,WGS,252,11638523988,PRJNA391811,SAMN07276361,6893634842,UNIVERSITY OF TORONTO,2015,public,"fastq,run.zq,sra","gs,ncbi,s3","gs.us-east1,ncbi.public,s3.us-east-1",SRX2955814,Illumina HiSeq 2500,Lib_Pd_UWMM.03,PAIRED,RANDOM PCR,GENOMIC,Pseudogymnoascus destructans,ILLUMINA,2017-06-26T00:00:00Z,2017-06-26T14:05:00Z,1,Pd_UWMM.03,SRP110499,"Microbe\, viral or environmental",uncalculated,uncalculated,missing,Pure culture,Myotis lucifugus,,,,,Pd_UWMM.03,,,,,,,,,,,,,,,,,,,,,,,,
SRR5755619,WGS,252,11474981532,PRJNA391811,SAMN07276362,6737200684,UNIVERSITY OF TORONTO,2015,public,"fastq,run.zq,sra","gs,ncbi,s3","gs.us-east1,ncbi.public,s3.us-east-1",SRX2955813,Illumina HiSeq 2500,Lib_Pd_UWMM.13,PAIRED,RANDOM PCR,GENOMIC,Pseudogymnoascus destructans,ILLUMINA,2017-06-26T00:00:00Z,2017-06-26T14:03:00Z,1,Pd_UWMM.13,SRP110499,"Microbe\, viral or environmental",uncalculated,uncalculated,missing,Pure culture,Myotis lucifugus,,,,,Pd_UWMM.13,,,,,,,,,,,,,,,,,,,,,,,,
SRR5755620,WGS,252,10830016512,PRJNA391811,SAMN07276359,6480142160,UNIVERSITY OF TORONTO,2013,public,"fastq,run.zq,sra","gs,ncbi,s3","gs.us-east1,ncbi.public,s3.us-east-1",SRX2955812,Illumina HiSeq 2500,Lib_Pd_X4702.13.1,PAIRED,RANDOM PCR,GENOMIC,Pseudogymnoascus destructans,ILLUMINA,2017-06-26T00:00:00Z,2017-06-26T14:02:00Z,1,Pd_X4702.13.1,SRP110499,"Microbe\, viral or environmental",uncalculated,uncalculated,missing,Pure culture,Myotis lucifugus,,,,,Pd_X4702.13.1,,,,,,,,,,,,,,,,,,,,,,,,
SRR5755621,WGS,252,10829889504,PRJNA391811,SAMN07276360,6494609884,UNIVERSITY OF TORONTO,2013,public,"fastq,run.zq,sra","gs,ncbi,s3","gs.us-east1,ncbi.public,s3.us-east-1",SRX2955811,Illumina HiSeq 2500,Lib_Pd_X4702.13.2,PAIRED,RANDOM PCR,GENOMIC,Pseudogymnoascus destructans,ILLUMINA,2017-06-26T00:00:00Z,2017-06-26T14:07:00Z,1,Pd_X4702.13.2,SRP110499,"Microbe\, viral or environmental",uncalculated,uncalculated,missing,Pure culture,Myotis lucifugus,,,,,Pd_X4702.13.2,,,,,,,,,,,,,,,,,,,,,,,,
SRR5755622,WGS,302,6107368952,PRJNA391811,SAMN07276365,3683342663,UNIVERSITY OF TORONTO,2013,public,"fastq,run.zq,sra","gs,ncbi,s3","gs.us-east1,ncbi.public,s3.us-east-1",SRX2955810,Illumina HiSeq 2500,Lib_Pd_X4148.13,PAIRED,RANDOM PCR,GENOMIC,Pseudogymnoascus destructans,ILLUMINA,2017-06-26T00:00:00Z,2017-06-26T13:56:00Z,1,Pd_X4148.13,SRP110499,"Microbe\, viral or environmental",uncalculated,uncalculated,missing,Pure culture,Myotis lucifugus,,,,,Pd_X4148.13,,,,,,,,,,,,,,,,,,,,,,,,
SRR5755623,WGS,252,12109671000,PRJNA391811,SAMN07276363,7143346419,UNIVERSITY OF TORONTO,2015,public,"fastq,run.zq,sra","gs,ncbi,s3","gs.us-east1,ncbi.public,s3.us-east-1",SRX2955809,Illumina HiSeq 2500,Lib_Pd_UWMM.14,PAIRED,RANDOM PCR,GENOMIC,Pseudogymnoascus destructans,ILLUMINA,2017-06-26T00:00:00Z,2017-06-26T14:31:00Z,1,Pd_UWMM.14,SRP110499,"Microbe\, viral or environmental",uncalculated,uncalculated,missing,Pure culture,Myotis lucifugus,,,,,Pd_UWMM.14,,,,,,,,,,,,,,,,,,,,,,,,
SRR5755624,WGS,252,7344849708,PRJNA391811,SAMN07276364,3596394299,UNIVERSITY OF TORONTO,2015,public,"fastq,run.zq,sra","gs,ncbi,s3","gs.us-east1,ncbi.public,s3.us-east-1",SRX2955808,Illumina HiSeq 2500,Lib_Pd_WO2109,PAIRED,RANDOM PCR,GENOMIC,Pseudogymnoascus destructans,ILLUMINA,2017-06-26T00:00:00Z,2017-06-26T13:59:00Z,1,Pd_WO2109,SRP110499,"Microbe\, viral or environmental",uncalculated,uncalculated,missing,Pure culture,not applicable,,,,,Pd_WO2109,,,,,,,,,,,,,,,,,,,,,,,,
SRR5755625,WGS,302,7667170866,PRJNA391811,SAMN07276351,4555021531,UNIVERSITY OF TORONTO,2012,public,"fastq,run.zq,sra","gs,ncbi,s3","gs.us-east1,ncbi.public,s3.us-east-1",SRX2955807,Illumina HiSeq 2500,Lib_Pd_671202,PAIRED,RANDOM PCR,GENOMIC,Pseudogymnoascus destructans,ILLUMINA,2017-06-26T00:00:00Z,2017-06-26T14:01:00Z,1,Pd_671202,SRP110499,"Microbe\, viral or environmental",uncalculated,uncalculated,missing,Pure culture,Myotis lucifugus,,,,,Pd_671202,,,,,,,,,,,,,,,,,,,,,,,,
SRR5755626,WGS,302,5871972032,PRJNA391811,SAMN07276352,3506530730,UNIVERSITY OF TORONTO,2013,public,"fastq,run.zq,sra","gs,ncbi,s3","gs.us-east1,ncbi.public,s3.us-east-1",SRX2955806,Illumina HiSeq 2500,Lib_Pd_681103,PAIRED,RANDOM PCR,GENOMIC,Pseudogymnoascus destructans,ILLUMINA,2017-06-26T00:00:00Z,2017-06-26T14:00:00Z,1,Pd_681103,SRP110499,"Microbe\, viral or environmental",uncalculated,uncalculated,missing,Pure culture,Perimyotis subflavus,,,,,Pd_681103,,,,,,,,,,,,,,,,,,,,,,,,
SRR5755627,WGS,302,4544789846,PRJNA391811,SAMN07276349,2742518904,UNIVERSITY OF TORONTO,2012,public,"fastq,run.zq,sra","gs,ncbi,s3","gs.us-east1,ncbi.public,s3.us-east-1",SRX2955805,Illumina HiSeq 2500,Lib_Pd_102203,PAIRED,RANDOM PCR,GENOMIC,Pseudogymnoascus destructans,ILLUMINA,2017-06-26T00:00:00Z,2017-06-26T13:57:00Z,1,Pd_102203,SRP110499,"Microbe\, viral or environmental",uncalculated,uncalculated,missing,Pure culture,Myotis lucifugus,,,,,Pd_102203,,,,,,,,,,,,,,,,,,,,,,,,
SRR5755628,WGS,302,7856091798,PRJNA391811,SAMN07276350,4656681948,UNIVERSITY OF TORONTO,2012,public,"fastq,run.zq,sra","gs,ncbi,s3","gs.us-east1,ncbi.public,s3.us-east-1",SRX2955804,Illumina HiSeq 2500,Lib_Pd_192204,PAIRED,RANDOM PCR,GENOMIC,Pseudogymnoascus destructans,ILLUMINA,2017-06-26T00:00:00Z,2017-06-26T14:01:00Z,1,Pd_192204,SRP110499,"Microbe\, viral or environmental",uncalculated,uncalculated,missing,Pure culture,Myotis lucifugus,,,,,Pd_192204,,,,,,,,,,,,,,,,,,,,,,,,
SRR5755629,WGS,302,6328265342,PRJNA391811,SAMN07276355,3829977246,UNIVERSITY OF TORONTO,2009,public,"fastq,run.zq,sra","gs,ncbi,s3","gs.us-east1,ncbi.public,s3.us-east-1",SRX2955803,Illumina HiSeq 2500,Lib_Pd_European,PAIRED,RANDOM PCR,GENOMIC,Pseudogymnoascus destructans,ILLUMINA,2017-06-26T00:00:00Z,2017-06-26T14:10:00Z,1,Pd_European,SRP110499,"Microbe\, viral or environmental",uncalculated,uncalculated,missing,Pure culture,Myotis myotis,,,,,Pd_European,,,,,,,,,,,,,,,,,,,,,,,,
SRR5755630,WGS,302,4601447764,PRJNA391811,SAMN07276356,2731819255,UNIVERSITY OF TORONTO,2013,public,"fastq,run.zq,sra","gs,ncbi,s3","gs.us-east1,ncbi.public,s3.us-east-1",SRX2955802,Illumina HiSeq 2500,Lib_Pd_H07218,PAIRED,RANDOM PCR,GENOMIC,Pseudogymnoascus destructans,ILLUMINA,2017-06-26T00:00:00Z,2017-06-26T14:07:00Z,1,Pd_H07218,SRP110499,"Microbe\, viral or environmental",uncalculated,uncalculated,missing,Pure culture,Nelima elegans,,,,,Pd_H07218,,,,,,,,,,,,,,,,,,,,,,,,
SRR5755631,WGS,302,6101042052,PRJNA391811,SAMN07276353,3696981721,UNIVERSITY OF TORONTO,2013,public,"fastq,run.zq,sra","gs,ncbi,s3","gs.us-east1,ncbi.public,s3.us-east-1",SRX2955801,Illumina HiSeq 2500,Lib_Pd_692102,PAIRED,RANDOM PCR,GENOMIC,Pseudogymnoascus destructans,ILLUMINA,2017-06-26T00:00:00Z,2017-06-26T14:14:00Z,1,Pd_692102,SRP110499,"Microbe\, viral or environmental",uncalculated,uncalculated,missing,Pure culture,Perimyotis subflavus,,,,,Pd_692102,,,,,,,,,,,,,,,,,,,,,,,,
SRR5755632,WGS,252,11605742820,PRJNA391811,SAMN07276354,6892792134,UNIVERSITY OF TORONTO,2013,public,"fastq,run.zq,sra","gs,ncbi,s3","gs.us-east1,ncbi.public,s3.us-east-1",SRX2955800,Illumina HiSeq 2500,Lib_Pd_712206,PAIRED,RANDOM PCR,GENOMIC,Pseudogymnoascus destructans,ILLUMINA,2017-06-26T00:00:00Z,2017-06-26T14:19:00Z,1,Pd_712206,SRP110499,"Microbe\, viral or environmental",uncalculated,uncalculated,missing,Pure culture,Perimyotis subflavus,,,,,Pd_712206,,,,,,,,,,,,,,,,,,,,,,,,
SRR5755633,WGS,302,6492065914,PRJNA391811,SAMN07276357,3940611958,UNIVERSITY OF TORONTO,2013,public,"fastq,run.zq,sra","gs,ncbi,s3","gs.us-east1,ncbi.public,s3.us-east-1",SRX2955799,Illumina HiSeq 2500,Lib_Pd_M53205,PAIRED,RANDOM PCR,GENOMIC,Pseudogymnoascus destructans,ILLUMINA,2017-06-26T00:00:00Z,2017-06-26T14:12:00Z,1,Pd_M53205,SRP110499,"Microbe\, viral or environmental",uncalculated,uncalculated,missing,Pure culture,Exechiopsis sp.,,,,,Pd_M53205,,,,,,,,,,,,,,,,,,,,,,,,
SRR5755634,WGS,302,4991772194,PRJNA391811,SAMN07276358,3063968388,UNIVERSITY OF TORONTO,2008,public,"fastq,run.zq,sra","gs,ncbi,s3","gs.us-east1,ncbi.public,s3.us-east-1",SRX2955798,Illumina HiSeq 2500,Lib_Pd_N. American,PAIRED,RANDOM PCR,GENOMIC,Pseudogymnoascus destructans,ILLUMINA,2017-06-26T00:00:00Z,2017-06-26T14:10:00Z,1,Pd_N. American,SRP110499,"Microbe\, viral or environmental",uncalculated,uncalculated,missing,Pure culture,Myotis lucifugus,,,,,Pd_N. American,,,,,,,,,,,,,,,,,,,,,,,,
SRR5757331,WGS,302,5503042188,PRJNA391811,SAMN07278939,3315630919,UNIVERSITY OF TORONTO,2012,public,"fastq,run.zq,sra","gs,ncbi,s3","gs.us-east1,ncbi.public,s3.us-east-1",SRX2957425,Illumina HiSeq 2500,Lib_Pd_52201,PAIRED,RANDOM PCR,GENOMIC,Pseudogymnoascus destructans,ILLUMINA,2017-06-27T00:00:00Z,2017-06-27T02:21:00Z,1,Pd_52201,SRP110499,"Microbe\, viral or environmental",uncalculated,uncalculated,missing,Pure culture,Myotis lucifugus,,,,,Pd_52201,,,,,,,,,,,,,,,,,,,,,,,,
SRR1952982,WGS,502,8328024882,PRJNA276926,SAMN03382554,4786353919,US FOREST SERVICE,2008,public,"bam,run.zq,sra","gs,ncbi,s3","gs.us-east1,ncbi.public,s3.us-east-1",SRX905601,Illumina MiSeq,,PAIRED,RANDOM,GENOMIC,Pseudogymnoascus destructans,ILLUMINA,2015-04-06T00:00:00Z,2015-04-06T21:02:00Z,1,Pseudogymnoascus destructans 20631-21,SRP055906,"Microbe\, viral or environmental",USA,North America,"USA: New York\, Williams Hotel",fungal culture,Myotis lucifugus,,MAT1-1,,,20631-21,,,,,,,,,,,,,,,,,,,,,,culture from type material of Geomyces destructans,,
SRR6011465,WGS,202,6120192768,PRJNA400587,SAMN07585847,3897142188,UNIVERSITY OF NEW HAMPSHIRE,2009-03-29,public,"fastq,run.zq,sra","gs,ncbi,s3","gs.us-east1,ncbi.public,s3.us-east-1",SRX3165383,Illumina Genome Analyzer IIx,GU350434,PAIRED,size fractionation,GENOMIC,Pseudogymnoascus destructans,ILLUMINA,2017-11-16T00:00:00Z,2017-09-06T20:14:00Z,1,GU350434,SRP116919,"Microbe\, viral or environmental",Hungary,Europe,Hungary: Kislod,cell culture,Myotis myotis,skin swab,MAT1-1,GU350434,47.1455 N 17.6224 E,,Gudrun Wibbelt,skin,,,,,,,,,,,,,,,,,,,,,Tamas Gorfol,
SRR6011466,WGS,202,7232470216,PRJNA400587,SAMN07585848,4657540876,UNIVERSITY OF NEW HAMPSHIRE,2008-03-16,public,"fastq,run.zq,sra","gs,ncbi,s3","gs.us-east1,ncbi.public,s3.us-east-1",SRX3165382,Illumina Genome Analyzer IIx,20693-1,PAIRED,size fractionation,GENOMIC,Pseudogymnoascus destructans,ILLUMINA,2017-11-16T00:00:00Z,2017-09-06T20:17:00Z,1,20693-1,SRP116919,"Microbe\, viral or environmental",USA,North America,"USA: Massachussetts\, Hampden County",cell culture,Myotis lucifugus,skin swab,MAT1-1,20693-1,42.1531 N 72.6316 W,,David Blehert,skin,,,,,,,,,,,,,,,,,,,,,,
SRR6011467,WGS,202,9793729418,PRJNA400587,SAMN07585845,6195912765,UNIVERSITY OF NEW HAMPSHIRE,2009-03-07,public,"fastq,run.zq,sra","gs,ncbi,s3","gs.us-east1,ncbi.public,s3.us-east-1",SRX3165381,Illumina Genome Analyzer IIx,GU999986,PAIRED,size fractionation,GENOMIC,Pseudogymnoascus destructans,ILLUMINA,2017-11-16T00:00:00Z,2017-09-06T20:35:00Z,1,GU999986,SRP116919,"Microbe\, viral or environmental",Germany,Europe,Germany: Thueringen,cell culture,Myotis myotis,skin swab,MAT1-1,GU999986,51.5167 N 11.1667 E,,Gudrun Wibbelt,skin,,,,,,,,,,,,,,,,,,,,,,
SRR6011468,WGS,202,6969488032,PRJNA400587,SAMN07585846,4591621085,UNIVERSITY OF NEW HAMPSHIRE,2009-04-01,public,"fastq,run.zq,sra","gs,ncbi,s3","gs.us-east1,ncbi.public,s3.us-east-1",SRX3165380,Illumina Genome Analyzer IIx,GU350433,PAIRED,size fractionation,GENOMIC,Pseudogymnoascus destructans,ILLUMINA,2017-11-16T00:00:00Z,2017-09-06T20:18:00Z,1,GU350433,SRP116919,"Microbe\, viral or environmental",Switzerland,Europe,Switzerland: Aargau,cell culture,Myotis myotis,skin swab,MAT1-2,GU350433,47.08333 N 8.0000 E,,Gudrun Wibbelt,skin,,,,,,,,,,,,,,,,,,,,,,
SRR6011469,WGS,202,6798943674,PRJNA400587,SAMN07585851,4295541405,UNIVERSITY OF NEW HAMPSHIRE,2009-03-25,public,"fastq,run.zq,sra","gs,ncbi,s3","gs.us-east1,ncbi.public,s3.us-east-1",SRX3165379,Illumina Genome Analyzer IIx,22504-1,PAIRED,size fractionation,GENOMIC,Pseudogymnoascus destructans,ILLUMINA,2017-11-16T00:00:00Z,2017-09-06T20:16:00Z,1,22504-1,SRP116919,"Microbe\, viral or environmental",USA,North America,"USA: Pennsylvania\, Centre County",cell culture,Myotis lucifugus,skin swab,MAT1-1,22504-1,40.9193 N 77.8200 W,,David Blehert,skin,,,,,,,,,,,,,,,,,,,,,,
SRR6011470,WGS,202,7131417292,PRJNA400587,SAMN07585852,4497132240,UNIVERSITY OF NEW HAMPSHIRE,2009-06-26,public,"fastq,run.zq,sra","gs,ncbi,s3","gs.us-east1,ncbi.public,s3.us-east-1",SRX3165378,Illumina Genome Analyzer IIx,22442-2,PAIRED,size fractionation,GENOMIC,Pseudogymnoascus destructans,ILLUMINA,2017-11-16T00:00:00Z,2017-09-06T20:15:00Z,1,22442-2,SRP116919,"Microbe\, viral or environmental",USA,North America,"USA: New Jersey\, Warren County",cell culture,Myotis lucifugus,skin swab,MAT1-1,22442-2,40.8572 N 74.9973 W,,David Blehert,skin,,,,,,,,,,,,,,,,,,,,,,
SRR6011471,WGS,202,7379603178,PRJNA400587,SAMN07585849,4652773506,UNIVERSITY OF NEW HAMPSHIRE,2009-01-30,public,"fastq,run.zq,sra","gs,ncbi,s3","gs.us-east1,ncbi.public,s3.us-east-1",SRX3165377,Illumina Genome Analyzer IIx,22429-8,PAIRED,size fractionation,GENOMIC,Pseudogymnoascus destructans,ILLUMINA,2017-11-16T00:00:00Z,2017-09-06T20:18:00Z,1,22429-8,SRP116919,"Microbe\, viral or environmental",USA,North America,"USA: West Virginia\, Pendleton County",cell culture,Myotis septentrionalis,skin swab,MAT1-1,22429-8,38.69 N 79.36 W,,David Blehert,skin,,,,,,,,,,,,,,,,,,,,,,
SRR6011472,WGS,202,5773485422,PRJNA400587,SAMN07585850,3646383527,UNIVERSITY OF NEW HAMPSHIRE,2010-03-11,public,"fastq,run.zq,sra","gs,ncbi,s3","gs.us-east1,ncbi.public,s3.us-east-1",SRX3165376,Illumina Genome Analyzer IIx,22971-3,PAIRED,size fractionation,GENOMIC,Pseudogymnoascus destructans,ILLUMINA,2017-11-16T00:00:00Z,2017-09-06T20:13:00Z,1,22971-3,SRP116919,"Microbe\, viral or environmental",Canada,North America,"Canada: Ontario\, Kirkland Lake",cell culture,Myotis lucifugus,skin swab,MAT1-1,22971-3,48.15 N 80.0333 W,,David Blehert,skin,,,,,,,,,,,,,,,,,,,,,,
SRR6011473,WGS,202,6200380506,PRJNA400587,SAMN07585853,3798609813,UNIVERSITY OF NEW HAMPSHIRE,2010-03-05,public,"fastq,run.zq,sra","gs,ncbi,s3","gs.us-east1,ncbi.public,s3.us-east-1",SRX3165375,Illumina Genome Analyzer IIx,22948-1,PAIRED,size fractionation,GENOMIC,Pseudogymnoascus destructans,ILLUMINA,2017-11-16T00:00:00Z,2017-09-06T20:17:00Z,1,22948-1,SRP116919,"Microbe\, viral or environmental",USA,North America,"USA: Tennessee\, Montgomery County",cell culture,Myotis septentrionalis,skin swab,MAT1-1,22948-1,36.4969 N 87.3829 W,,David Blehert,skin,,,,,,,,,,,,,,,,,,,,,,
SRR6011474,WGS,196,3540273912,PRJNA400587,SAMN07585854,2161938234,UNIVERSITY OF NEW HAMPSHIRE,2008-03-18,public,"fastq,run.zq,sra","gs,ncbi,s3","gs.us-east1,ncbi.public,s3.us-east-1",SRX3165374,Illumina HiSeq 2000,20674-9,PAIRED,size fractionation,GENOMIC,Pseudogymnoascus destructans,ILLUMINA,2017-11-16T00:00:00Z,2017-09-06T20:12:00Z,1,20674-9,SRP116919,"Microbe\, viral or environmental",USA,North America,"USA: Vermont\, Bennington County",cell culture,Myotis septentrionalis,skin swab,MAT1-1,20674-9,43.0355 N 73.0930 W,,David Blehert,skin,,,,,,,,,,,,,,,,,,,,,,
SRR6011475,WGS,202,7792449768,PRJNA400587,SAMN07585857,5004672552,UNIVERSITY OF NEW HAMPSHIRE,2009-01-27,public,"fastq,run.zq,sra","gs,ncbi,s3","gs.us-east1,ncbi.public,s3.us-east-1",SRX3165373,Illumina Genome Analyzer IIx,22426-2,PAIRED,size fractionation,GENOMIC,Pseudogymnoascus destructans,ILLUMINA,2017-11-16T00:00:00Z,2017-09-06T20:20:00Z,1,22426-2,SRP116919,"Microbe\, viral or environmental",USA,North America,"USA: Connecticut\, Litchfield County",cell culture,Myotis lucifugus,skin swab,MAT1-1,22426-2,41.7925 N 73.2453 W,,David Blehert,skin,,,,,,,,,,,,,,,,,,,,,,
SRR6011476,WGS,206,6105855450,PRJNA400587,SAMN07585858,3816880805,UNIVERSITY OF NEW HAMPSHIRE,2009-03-03,public,"fastq,run.zq,sra","gs,ncbi,s3","gs.us-east1,ncbi.public,s3.us-east-1",SRX3165372,Illumina Genome Analyzer IIx,22469-1,PAIRED,size fractionation,GENOMIC,Pseudogymnoascus destructans,ILLUMINA,2017-11-16T00:00:00Z,2017-09-06T20:16:00Z,1,22469-1,SRP116919,"Microbe\, viral or environmental",USA,North America,"USA: Virginia\, Giles\, County",cell culture,Perimyotis subflavus,skin swab,MAT1-1,22469-1,37.3140 N 80.7037 W,,David Blehert,skin,,,,,,,,,,,,,,,,,,,,,,
SRR6011477,WGS,202,5831780804,PRJNA400587,SAMN07585855,3766518125,UNIVERSITY OF NEW HAMPSHIRE,2008-03-21,public,"fastq,run.zq,sra","gs,ncbi,s3","gs.us-east1,ncbi.public,s3.us-east-1",SRX3165371,Illumina Genome Analyzer IIx,20682-10,PAIRED,size fractionation,GENOMIC,Pseudogymnoascus destructans,ILLUMINA,2017-11-16T00:00:00Z,2017-09-06T20:15:00Z,1,20682-10,SRP116919,"Microbe\, viral or environmental",USA,North America,"USA: Massachussetts\, Berkshire County",cell culture,Myotis septentrionalis,skin swab,MAT1-1,20682-10,42.3707 N 73.2064 W,,David Blehert,skin,,,,,,,,,,,,,,,,,,,,,,
SRR6011478,WGS,202,7554802626,PRJNA400587,SAMN07585856,4826646878,UNIVERSITY OF NEW HAMPSHIRE,2008-04-01,public,"fastq,run.zq,sra","gs,ncbi,s3","gs.us-east1,ncbi.public,s3.us-east-1",SRX3165370,Illumina Genome Analyzer IIx,22004-1,PAIRED,size fractionation,GENOMIC,Pseudogymnoascus destructans,ILLUMINA,2017-11-16T00:00:00Z,2017-09-06T20:19:00Z,1,22004-1,SRP116919,"Microbe\, viral or environmental",USA,North America,"USA: Connecticut\, Litchfield County",cell culture,Myotis lucifugus,skin swab,MAT1-1,22004-1,41.7925 N 73.2453 W,,David Blehert,skin,,,,,,,,,,,,,,,,,,,,,,
SRR6011479,WGS,202,2994564150,PRJNA400587,SAMN07585861,1834709443,UNIVERSITY OF NEW HAMPSHIRE,2010-02-08,public,"fastq,run.zq,sra","gs,ncbi,s3","gs.us-east1,ncbi.public,s3.us-east-1",SRX3165369,Illumina Genome Analyzer IIx,22930-2,PAIRED,size fractionation,GENOMIC,Pseudogymnoascus destructans,ILLUMINA,2017-11-16T00:00:00Z,2017-09-06T20:10:00Z,1,22930-2,SRP116919,"Microbe\, viral or environmental",USA,North America,"USA: Tennessee\, Sullivan County",cell culture,Perimyotis subflavus,skin swab,MAT1-1,22930-2,36.5129 N 82.3041 W,,David Blehert,skin,,,,,,,,,,,,,,,,,,,,,,
SRR6011480,WGS,206,7943714114,PRJNA400587,SAMN07585862,5064198260,UNIVERSITY OF NEW HAMPSHIRE,2010-03-05,public,"fastq,run.zq,sra","gs,ncbi,s3","gs.us-east1,ncbi.public,s3.us-east-1",SRX3165368,Illumina Genome Analyzer IIx,22949-4,PAIRED,size fractionation,GENOMIC,Pseudogymnoascus destructans,ILLUMINA,2017-11-16T00:00:00Z,2017-09-06T20:18:00Z,1,22949-4,SRP116919,"Microbe\, viral or environmental",USA,North America,"USA: Maryland\, Allegany County",cell culture,Myotis septentrionalis,skin swab,MAT1-1,22949-4,39.6215 N 78.6989 W,,David Blehert,skin,,,,,,,,,,,,,,,,,,,,,,
SRR6011481,WGS,196,3068269652,PRJNA400587,SAMN07585859,1868540718,UNIVERSITY OF NEW HAMPSHIRE,2009-03-10,public,"fastq,run.zq,sra","gs,ncbi,s3","gs.us-east1,ncbi.public,s3.us-east-1",SRX3165367,Illumina HiSeq 2000,22480-1,PAIRED,size fractionation,GENOMIC,Pseudogymnoascus destructans,ILLUMINA,2017-11-16T00:00:00Z,2017-09-06T20:13:00Z,1,22480-1,SRP116919,"Microbe\, viral or environmental",USA,North America,"USA: New York\, Ulster County",cell culture,Eptesicus fuscus,skin swab,MAT1-1,22480-1,41.8881 N 74.2586 W,,David Blehert,skin,,,,,,,,,,,,,,,,,,,,,,
SRR6011482,WGS,202,5201056206,PRJNA400587,SAMN07585860,3196454424,UNIVERSITY OF NEW HAMPSHIRE,2010-01-27,public,"fastq,run.zq,sra","gs,ncbi,s3","gs.us-east1,ncbi.public,s3.us-east-1",SRX3165366,Illumina Genome Analyzer IIx,22884-4W,PAIRED,size fractionation,GENOMIC,Pseudogymnoascus destructans,ILLUMINA,2017-11-16T00:00:00Z,2017-09-06T20:16:00Z,1,22884-4W,SRP116919,"Microbe\, viral or environmental",USA,North America,"USA: Vermont\, Rutland County",cell culture,Myotis lucifugus,skin swab,MAT1-1,22884-4W,43.5801 N 73.0366 W,,David Blehert,skin,,,,,,,,,,,,,,,,,,,,,,
SRR6011483,WGS,202,3036888200,PRJNA400587,SAMN07585863,1900363310,UNIVERSITY OF NEW HAMPSHIRE,2010-03-15,public,"fastq,run.zq,sra","gs,ncbi,s3","gs.us-east1,ncbi.public,s3.us-east-1",SRX3165365,Illumina Genome Analyzer IIx,22972-2W,PAIRED,size fractionation,GENOMIC,Pseudogymnoascus destructans,ILLUMINA,2017-11-16T00:00:00Z,2017-09-06T20:13:00Z,1,22972-2W,SRP116919,"Microbe\, viral or environmental",Canada,North America,Canada: Ontario,cell culture,Myotis lucifugus,skin swab,MAT1-1,22972-2W,50.4454 N 86.0472 W,,David Blehert,skin,,,,,,,,,,,,,,,,,,,,,,
SRR6011484,WGS,202,9959808566,PRJNA400587,SAMN07585864,6419575161,UNIVERSITY OF NEW HAMPSHIRE,2010-04-07,public,"fastq,run.zq,sra","gs,ncbi,s3","gs.us-east1,ncbi.public,s3.us-east-1",SRX3165364,Illumina Genome Analyzer IIx,22997-1,PAIRED,size fractionation,GENOMIC,Pseudogymnoascus destructans,ILLUMINA,2017-11-16T00:00:00Z,2017-09-06T20:24:00Z,1,22997-1,SRP116919,"Microbe\, viral or environmental",USA,North America,"USA: Tennessee\, Fentress County",cell culture,Myotis septentrionalis,skin swab,MAT1-1,22997-1,36.3805 N 84.9325 W,,David Blehert,skin,,,,,,,,,,,,,,,,,,,,,,
SRR6011485,WGS,502,50357158630,PRJNA400587,SAMN07585874,22987236643,UNIVERSITY OF NEW HAMPSHIRE,2014,public,"fastq,run.zq,sra","gs,ncbi,s3","gs.us-east1,ncbi.public,s3.us-east-1",SRX3165363,Illumina HiSeq 2500,JHCN111a,PAIRED,size fractionation,GENOMIC,Pseudogymnoascus destructans,ILLUMINA,2017-11-16T00:00:00Z,2017-09-06T22:00:00Z,1,JHCN111a,SRP116919,"Microbe\, viral or environmental",China,Asia,China: Jilin,cell culture,Myotis petax,skin swab,MAT1-1,JHCN111a,43.7 N 126.2 E,,Joe Hoyt,skin,,,,,,,,,,,,,,,,,,,,,,
SRR6011486,WGS,502,13969341748,PRJNA400587,SAMN07585875,5906794271,UNIVERSITY OF NEW HAMPSHIRE,2016,public,"fastq,run.zq,sra","gs,ncbi,s3","gs.us-east1,ncbi.public,s3.us-east-1",SRX3165362,Illumina HiSeq 2500,JH16MG088,PAIRED,size fractionation,GENOMIC,Pseudogymnoascus destructans,ILLUMINA,2017-11-16T00:00:00Z,2017-09-06T20:29:00Z,1,JH16MG088,SRP116919,"Microbe\, viral or environmental",Mongolia,Asia,Mongolia,cell culture,Plecotus ognevi,skin swab,MAT1-2,JH16MG088,47.9167 N 106.8833 E,,Joe Hoyt,skin,,,,,,,,,,,,,,,,,,,,,,
SRR6011487,WGS,502,15254159544,PRJNA400587,SAMN07585876,6413320837,UNIVERSITY OF NEW HAMPSHIRE,2016,public,"fastq,run.zq,sra","gs,ncbi,s3","gs.us-east1,ncbi.public,s3.us-east-1",SRX3165361,Illumina HiSeq 2500,JH16MG093,PAIRED,size fractionation,GENOMIC,Pseudogymnoascus destructans,ILLUMINA,2017-11-16T00:00:00Z,2017-09-06T20:32:00Z,1,JH16MG093,SRP116919,"Microbe\, viral or environmental",Mongolia,Asia,Mongolia,cell culture,Plecotus ognevi,skin swab,MAT1-1,JH16MG093,47.9167 N 106.8833 E,,Joe Hoyt,skin,,,,,,,,,,,,,,,,,,,,,,
SRR6011488,WGS,502,10024647836,PRJNA400587,SAMN07585873,6541155340,UNIVERSITY OF NEW HAMPSHIRE,2012-04-12,public,"fastq,run.zq,sra","gs,ncbi,s3","gs.us-east1,ncbi.public,s3.us-east-1",SRX3165360,Illumina Genome Analyzer IIx,W41203,PAIRED,size fractionation,GENOMIC,Pseudogymnoascus destructans,ILLUMINA,2017-11-16T00:00:00Z,2017-09-06T20:23:00Z,1,W41203,SRP116919,"Microbe\, viral or environmental",Canada,North America,"Canada: New Brunswick\, Dorchester Mine",cell culture,,substrate (cave wall),MAT1-1,W41203,45.9369 N 64.4769 W,,Karen Vanderwolf,,,,,,,,,,,,,,,,,,,,,,,
SRR6011489,WGS,502,4782144870,PRJNA400587,SAMN07585872,2718228733,UNIVERSITY OF NEW HAMPSHIRE,2012-03-19,public,"fastq,run.zq,sra","gs,ncbi,s3","gs.us-east1,ncbi.public,s3.us-east-1",SRX3165359,Illumina MiSeq,23897-2,PAIRED,size fractionation,GENOMIC,Pseudogymnoascus destructans,ILLUMINA,2017-11-16T00:00:00Z,2017-09-06T16:14:00Z,1,23897-2,SRP116919,"Microbe\, viral or environmental",USA,North America,"USA: Missouri\, Lincoln County",cell culture,Perimyotis subflavus,skin swab,MAT1-1,23897-2,39.0580 N 90.9600 W,,David Blehert,skin,,,,,,,,,,,,,,,,,,,,,,
SRR6011490,WGS,202,6215028940,PRJNA400587,SAMN07585867,3969162845,UNIVERSITY OF NEW HAMPSHIRE,2011-02-16,public,"fastq,run.zq,sra","gs,ncbi,s3","gs.us-east1,ncbi.public,s3.us-east-1",SRX3165358,Illumina Genome Analyzer IIx,23455-1,PAIRED,size fractionation,GENOMIC,Pseudogymnoascus destructans,ILLUMINA,2017-11-16T00:00:00Z,2017-09-06T20:18:00Z,1,23455-1,SRP116919,"Microbe\, viral or environmental",USA,North America,"USA: Virginia\, Wise County",cell culture,Myotis lucifugus,skin swab,MAT1-1,23455-1,36.9752 N 82.6212 W,,David Blehert,skin,,,,,,,,,,,,,,,,,,,,,,
SRR6011491,WGS,196,3499449856,PRJNA400587,SAMN07585866,2144981807,UNIVERSITY OF NEW HAMPSHIRE,2011-02-09,public,"fastq,run.zq,sra","gs,ncbi,s3","gs.us-east1,ncbi.public,s3.us-east-1",SRX3165357,Illumina Genome Analyzer IIx,23444-1,PAIRED,size fractionation,GENOMIC,Pseudogymnoascus destructans,ILLUMINA,2017-11-16T00:00:00Z,2017-09-06T20:15:00Z,1,23444-1,SRP116919,"Microbe\, viral or environmental",USA,North America,"USA: Tennessee\, Montgomery County",cell culture,Myotis lucifugus,skin swab,MAT1-1,23444-1,36.4969 N 87.3829 W,,David Blehert,skin,,,,,,,,,,,,,,,,,,,,,,
SRR6011492,WGS,202,9719761058,PRJNA400587,SAMN07585865,6300601183,UNIVERSITY OF NEW HAMPSHIRE,2011-01-29,public,"fastq,run.zq,sra","gs,ncbi,s3","gs.us-east1,ncbi.public,s3.us-east-1",SRX3165356,Illumina Genome Analyzer IIx,23434-1W,PAIRED,size fractionation,GENOMIC,Pseudogymnoascus destructans,ILLUMINA,2017-11-16T00:00:00Z,2017-09-06T20:26:00Z,1,23434-1W,SRP116919,"Microbe\, viral or environmental",USA,North America,"USA: Indiana\, Crawford County",cell culture,Myotis lucifugus,skin swab,MAT1-1,23434-1W,38.2924 N 86.4517 W,,David Blehert,skin,,,,,,,,,,,,,,,,,,,,,,
SRR6011493,WGS,196,4305949284,PRJNA400587,SAMN07586172,2650921207,UNIVERSITY OF NEW HAMPSHIRE,2011-01-23,public,"fastq,run.zq,sra","gs,ncbi,s3","gs.us-east1,ncbi.public,s3.us-east-1",SRX3165355,Illumina HiSeq 2000,23414-1W,PAIRED,size fractionation,GENOMIC,Pseudogymnoascus destructans,ILLUMINA,2017-11-16T00:00:00Z,2017-09-06T20:16:00Z,1,23414-1W,SRP116919,"Microbe\, viral or environmental",USA,North America,"USA: Indiana\, Washington County",cell culture,Myotis lucifugus,,MAT1-1,23424-1W,38.6000 N 86.1053 W,,David Blehert,skin,,,,,,,,,,,,,,,,,,,,,,
SRR6011494,WGS,202,6884359374,PRJNA400587,SAMN07585871,4336297021,UNIVERSITY OF NEW HAMPSHIRE,2012-03-01,public,"fastq,run.zq,sra","gs,ncbi,s3","gs.us-east1,ncbi.public,s3.us-east-1",SRX3165354,Illumina MiSeq,23877-1,PAIRED,size fractionation,GENOMIC,Pseudogymnoascus destructans,ILLUMINA,2017-11-16T00:00:00Z,2017-09-06T16:22:00Z,1,23877-1,SRP116919,"Microbe\, viral or environmental",USA,North America,"USA: Deleware\, New Castle County",cell culture,Myotis septentrionalis,skin swab,MAT1-1,23877-1,39.5783 N 75.6390 W,,David Blehert,skin,,,,,,,,,,,,,,,,,,,,,,
SRR6011495,WGS,202,7903311610,PRJNA400587,SAMN07585870,4903914663,UNIVERSITY OF NEW HAMPSHIRE,2011-12-12,public,"fastq,run.zq,sra","gs,ncbi,s3","gs.us-east1,ncbi.public,s3.us-east-1",SRX3165353,Illumina MiSeq,23874-1,PAIRED,size fractionation,GENOMIC,Pseudogymnoascus destructans,ILLUMINA,2017-11-16T00:00:00Z,2017-09-06T16:32:00Z,1,23874-1,SRP116919,"Microbe\, viral or environmental",USA,North America,"USA: Maine\, Hancock County",cell culture,Myotis lucifugus,skin swab,MAT1-1,23874-1,44.5629 N 68.3682 W,,David Blehert,skin,,,,,,,,,,,,,,,,,,,,,,
SRR6011496,WGS,602,7300715268,PRJNA400587,SAMN07585869,4879939480,UNIVERSITY OF NEW HAMPSHIRE,2011-02-03,public,"fastq,run.zq,sra","gs,ncbi,s3","gs.us-east1,ncbi.public,s3.us-east-1",SRX3165352,Illumina MiSeq,Gd44,PAIRED,size fractionation,GENOMIC,Pseudogymnoascus destructans,ILLUMINA,2017-11-16T00:00:00Z,2017-09-06T16:26:00Z,1,Gd44,SRP116919,"Microbe\, viral or environmental",Ukraine,Europe,Ukraine,cell culture,Myotis myotis,skin swab,MAT1-1,Gd44,50.45 N 30.5 E,,SebastiŽn Puechmaille,skin,,,,,,,,,,,,,,,,,,,,,,
SRR6011497,WGS,502,3183538420,PRJNA400587,SAMN07585868,1486806697,UNIVERSITY OF NEW HAMPSHIRE,2009-03-12,public,"fastq,run.zq,sra","gs,ncbi,s3","gs.us-east1,ncbi.public,s3.us-east-1",SRX3165351,Illumina MiSeq,Gd41,PAIRED,size fractionation,GENOMIC,Pseudogymnoascus destructans,ILLUMINA,2017-11-16T00:00:00Z,2017-09-06T16:20:00Z,1,Gd41,SRP116919,"Microbe\, viral or environmental",France,Europe,"France: Aquitaine\, Dordogne",cell culture,Myotis myotis,skin swab,MAT1-1,Gd41,45.1 N 0.7 E,,SebastiŽn Puechmaille,skin,,,,,,,,,,,,,,,,,,,,,,
SRR11812088,WGS,602,1962326758,PRJNA633856,SAMN14972260,1290791224,MCMASTER UNIVERSITY,2014,public,"fastq,run.zq,sra","gs,ncbi,s3","gs.us-east1,ncbi.public,s3.us-east-1",SRX8363356,Illumina MiSeq,S7_L001,PAIRED,RANDOM,GENOMIC,Pseudogymnoascus destructans,ILLUMINA,2020-10-01T00:00:00Z,2020-05-19T13:01:00Z,1,ON14,SRP262324,"Microbe\, viral or environmental",Canada,North America,"Canada: Ontario\, Rattlesnake Point",cell culture,Myotis lucifugus,Skin swab,MAT1-1,ON14_S7,40.900279 N 77.356195 W,,,,,,,,,,,,,,,,,,,,,,,,Aaron Vogan,
SRR11812089,WGS,602,1724206862,PRJNA633856,SAMN14972259,1202346125,MCMASTER UNIVERSITY,2013,public,"fastq,run.zq,sra","gs,ncbi,s3","gs.us-east1,ncbi.public,s3.us-east-1",SRX8363355,Illumina MiSeq,S5_L001,PAIRED,RANDOM,GENOMIC,Pseudogymnoascus destructans,ILLUMINA,2020-10-01T00:00:00Z,2020-05-19T13:02:00Z,1,NS1,SRP262324,"Microbe\, viral or environmental",Canada,North America,"Canada: Nova Scotia\, Falmouth",cell culture,,environmental swab,MAT1-1,NS1_S5,45.000131 N 64.157238 W,,,,,,,,,,,,,,,,,,,,,,,,Karen Vanderwolf,
SRR11812090,WGS,602,1914440668,PRJNA633856,SAMN14972258,1251845732,MCMASTER UNIVERSITY,2012-02-28,public,"fastq,run.zq,sra","gs,ncbi,s3","gs.us-east1,ncbi.public,s3.us-east-1",SRX8363354,Illumina MiSeq,S3_L001,PAIRED,RANDOM,GENOMIC,Pseudogymnoascus destructans,ILLUMINA,2020-10-01T00:00:00Z,2020-05-19T13:02:00Z,1,NB28,SRP262324,"Microbe\, viral or environmental",Canada,North America,"Canada: New Brunswick\, Harbell's Cave",cell culture,,environmental swab,MAT1-1,NB28_S3,45.30035 N 66.05085 W,,,,,,,,,,,,,,,,,,,,,,,,Karen Vanderwolf,
SRR11812091,WGS,602,1860435248,PRJNA633856,SAMN14972257,1255463706,MCMASTER UNIVERSITY,2012,public,"fastq,run.zq,sra","gs,ncbi,s3","gs.us-east1,ncbi.public,s3.us-east-1",SRX8363353,Illumina MiSeq,S2_L001,PAIRED,RANDOM,GENOMIC,Pseudogymnoascus destructans,ILLUMINA,2020-10-01T00:00:00Z,2020-05-19T13:01:00Z,1,NB27,SRP262324,"Microbe\, viral or environmental",Canada,North America,"Canada: New Brunswick\, Dorchester Mine",cell culture,,environmental swab,MAT1-1,NB27_S2,45.8751 N 64.871633 W,,,,,,,,,,,,,,,,,,,,,,,,Karen Vanderwolf,
